Ontology ID	Label	Obsolete	Annotation	Replaced	GitHub Issue
ID	A rdfs:label	AT owl:deprecated^^xsd:boolean	AT rdfs:comment^^xsd:string	AI IAO:0100001	AI IAO:0000233
http://purl.obolibrary.org/obo/UPHENO_0047542		true	http://purl.obolibrary.org/obo/UBERON_0005893-abnormalFractureOfAnatomicalEntity.tsv
http://purl.obolibrary.org/obo/UPHENO_0047543		true	http://purl.obolibrary.org/obo/UBERON_0004121-abnormalFractureOfAnatomicalEntity.tsv
http://purl.obolibrary.org/obo/UPHENO_0047544		true	http://purl.obolibrary.org/obo/UBERON_0005156-abnormalFractureOfAnatomicalEntity.tsv
http://purl.obolibrary.org/obo/UPHENO_0047545		true	http://purl.obolibrary.org/obo/UBERON_0000061-abnormalFractureOfAnatomicalEntity.tsv
http://purl.obolibrary.org/obo/UPHENO_0047546		true	http://purl.obolibrary.org/obo/UBERON_0000062-abnormalFractureOfAnatomicalEntity.tsv
http://purl.obolibrary.org/obo/UPHENO_0047547		true	http://purl.obolibrary.org/obo/UBERON_0010313-abnormalFractureOfAnatomicalEntity.tsv
http://purl.obolibrary.org/obo/UPHENO_0047548		true	http://purl.obolibrary.org/obo/UBERON_0004120-abnormalFractureOfAnatomicalEntity.tsv
http://purl.obolibrary.org/obo/UPHENO_0047549		true	http://purl.obolibrary.org/obo/UBERON_0010314-abnormalFractureOfAnatomicalEntity.tsv
http://purl.obolibrary.org/obo/UPHENO_0047550		true	http://purl.obolibrary.org/obo/UBERON_0000981-abnormalFractureOfAnatomicalEntity.tsv
http://purl.obolibrary.org/obo/UPHENO_0047551		true	http://purl.obolibrary.org/obo/UBERON_0000465-abnormalFractureOfAnatomicalEntity.tsv
http://purl.obolibrary.org/obo/UPHENO_0047552		true	http://purl.obolibrary.org/obo/UBERON_0000047-abnormalFractureOfAnatomicalEntity.tsv
http://purl.obolibrary.org/obo/UPHENO_0047553		true	http://purl.obolibrary.org/obo/UBERON_0004765-abnormalFractureOfAnatomicalEntity.tsv
http://purl.obolibrary.org/obo/UPHENO_0047554		true	http://purl.obolibrary.org/obo/UBERON_0000020-abnormalFractureOfAnatomicalEntity.tsv
http://purl.obolibrary.org/obo/UPHENO_0047555		true	http://purl.obolibrary.org/obo/UBERON_0000064-abnormalFractureOfAnatomicalEntity.tsv
http://purl.obolibrary.org/obo/UPHENO_0047556		true	http://purl.obolibrary.org/obo/UBERON_0008202-abnormalFractureOfAnatomicalEntity.tsv
http://purl.obolibrary.org/obo/UPHENO_0047557		true	http://purl.obolibrary.org/obo/UBERON_0001474-abnormalFractureOfAnatomicalEntity.tsv
http://purl.obolibrary.org/obo/UPHENO_0047558		true	http://purl.obolibrary.org/obo/UBERON_0001804-abnormalFractureOfAnatomicalEntity.tsv
http://purl.obolibrary.org/obo/UPHENO_0047559		true	http://purl.obolibrary.org/obo/UBERON_0003608-abnormalFractureOfAnatomicalEntity.tsv
http://purl.obolibrary.org/obo/UPHENO_0047560		true	http://purl.obolibrary.org/obo/UBERON_0003606-abnormalFractureOfAnatomicalEntity.tsv
http://purl.obolibrary.org/obo/UPHENO_0047561		true	http://purl.obolibrary.org/obo/UBERON_0003826-abnormalFractureOfAnatomicalEntity.tsv
http://purl.obolibrary.org/obo/UPHENO_0047562		true	http://purl.obolibrary.org/obo/UBERON_0015052-abnormalFractureOfAnatomicalEntity.tsv
http://purl.obolibrary.org/obo/UPHENO_0047563		true	http://purl.obolibrary.org/obo/UBERON_0000019-abnormalFractureOfAnatomicalEntity.tsv
http://purl.obolibrary.org/obo/UPHENO_0047564		true	http://purl.obolibrary.org/obo/UBERON_0010363-abnormalFractureOfAnatomicalEntity.tsv
http://purl.obolibrary.org/obo/UPHENO_0047565		true	http://purl.obolibrary.org/obo/UBERON_0010000-abnormalFractureOfAnatomicalEntity.tsv
http://purl.obolibrary.org/obo/UPHENO_0047566		true	http://purl.obolibrary.org/obo/UBERON_0015019-abnormalFractureOfAnatomicalEntity.tsv
http://purl.obolibrary.org/obo/UPHENO_0047567		true	http://purl.obolibrary.org/obo/UBERON_0010740-abnormalFractureOfAnatomicalEntity.tsv
http://purl.obolibrary.org/obo/UPHENO_0047568		true	http://purl.obolibrary.org/obo/UBERON_0015212-abnormalFractureOfAnatomicalEntity.tsv
http://purl.obolibrary.org/obo/UPHENO_0047569		true	http://purl.obolibrary.org/obo/UBERON_0001062-abnormalFractureOfAnatomicalEntity.tsv
http://purl.obolibrary.org/obo/UPHENO_0047570		true	http://purl.obolibrary.org/obo/UBERON_0004375-abnormalFractureOfAnatomicalEntity.tsv
http://purl.obolibrary.org/obo/UPHENO_0047571		true	http://purl.obolibrary.org/obo/UBERON_0010742-abnormalFractureOfAnatomicalEntity.tsv
http://purl.obolibrary.org/obo/UPHENO_0047572		true	http://purl.obolibrary.org/obo/UBERON_0007844-abnormalFractureOfAnatomicalEntity.tsv
http://purl.obolibrary.org/obo/UPHENO_0047573		true	http://purl.obolibrary.org/obo/UBERON_0013515-abnormalFractureOfAnatomicalEntity.tsv
http://purl.obolibrary.org/obo/UPHENO_0047574		true	http://purl.obolibrary.org/obo/UBERON_0000970-abnormalFractureOfAnatomicalEntity.tsv
http://purl.obolibrary.org/obo/UPHENO_0047575		true	http://purl.obolibrary.org/obo/UBERON_0003107-abnormalFractureOfAnatomicalEntity.tsv
http://purl.obolibrary.org/obo/UPHENO_0047576		true	http://purl.obolibrary.org/obo/UBERON_0000476-abnormalFractureOfAnatomicalEntity.tsv
http://purl.obolibrary.org/obo/UPHENO_0047577		true	http://purl.obolibrary.org/obo/UBERON_0002513-abnormalFractureOfAnatomicalEntity.tsv
http://purl.obolibrary.org/obo/UPHENO_0047578		true	http://purl.obolibrary.org/obo/UBERON_0000995-abnormalFractureOfAnatomicalEntity.tsv
http://purl.obolibrary.org/obo/UPHENO_0047579		true	http://purl.obolibrary.org/obo/UBERON_0002495-abnormalFractureOfAnatomicalEntity.tsv
http://purl.obolibrary.org/obo/UPHENO_0047580		true	http://purl.obolibrary.org/obo/UBERON_0005764-abnormalFractureOfAnatomicalEntity.tsv
http://purl.obolibrary.org/obo/UPHENO_0047581		true	http://purl.obolibrary.org/obo/UBERON_0003464-abnormalFractureOfAnatomicalEntity.tsv
http://purl.obolibrary.org/obo/UPHENO_0047582		true	http://purl.obolibrary.org/obo/UBERON_0015022-abnormalFractureOfAnatomicalEntity.tsv
http://purl.obolibrary.org/obo/UPHENO_0047583		true	http://purl.obolibrary.org/obo/UBERON_0015061-abnormalFractureOfAnatomicalEntity.tsv
http://purl.obolibrary.org/obo/UPHENO_0047584		true	http://purl.obolibrary.org/obo/UBERON_0002228-abnormalFractureOfAnatomicalEntity.tsv
http://purl.obolibrary.org/obo/UPHENO_0047585		true	http://purl.obolibrary.org/obo/UBERON_0003933-abnormalFractureOfAnatomicalEntity.tsv
http://purl.obolibrary.org/obo/UPHENO_0047586		true	http://purl.obolibrary.org/obo/UBERON_0002428-abnormalFractureOfAnatomicalEntity.tsv
http://purl.obolibrary.org/obo/UPHENO_0047587		true	http://purl.obolibrary.org/obo/UBERON_0013522-abnormalFractureOfAnatomicalEntity.tsv
http://purl.obolibrary.org/obo/UPHENO_0047588		true	http://purl.obolibrary.org/obo/UBERON_0013765-abnormalFractureOfAnatomicalEntity.tsv
http://purl.obolibrary.org/obo/UPHENO_0047589		true	http://purl.obolibrary.org/obo/UBERON_0011004-abnormalFractureOfAnatomicalEntity.tsv
http://purl.obolibrary.org/obo/UPHENO_0047590		true	http://purl.obolibrary.org/obo/UBERON_0005055-abnormalFractureOfAnatomicalEntity.tsv
http://purl.obolibrary.org/obo/UPHENO_0047591		true	http://purl.obolibrary.org/obo/UBERON_0034944-abnormalFractureOfAnatomicalEntity.tsv
http://purl.obolibrary.org/obo/UPHENO_0047592		true	http://purl.obolibrary.org/obo/UBERON_0004446-abnormalFractureOfAnatomicalEntity.tsv
http://purl.obolibrary.org/obo/UPHENO_0047593		true	http://purl.obolibrary.org/obo/UBERON_0004389-abnormalFractureOfAnatomicalEntity.tsv
http://purl.obolibrary.org/obo/UPHENO_0047594		true	http://purl.obolibrary.org/obo/UBERON_0004387-abnormalFractureOfAnatomicalEntity.tsv
http://purl.obolibrary.org/obo/UPHENO_0047595		true	http://purl.obolibrary.org/obo/UBERON_0008962-abnormalFractureOfAnatomicalEntity.tsv
http://purl.obolibrary.org/obo/UPHENO_0047596		true	http://purl.obolibrary.org/obo/UBERON_0015053-abnormalFractureOfAnatomicalEntity.tsv
http://purl.obolibrary.org/obo/UPHENO_0047597		true	http://purl.obolibrary.org/obo/UBERON_0003607-abnormalFractureOfAnatomicalEntity.tsv
http://purl.obolibrary.org/obo/UPHENO_0047598		true	http://purl.obolibrary.org/obo/UBERON_0000976-abnormalFractureOfAnatomicalEntity.tsv
http://purl.obolibrary.org/obo/UPHENO_0047599		true	http://purl.obolibrary.org/obo/UBERON_0011973-abnormalFractureOfAnatomicalEntity.tsv
http://purl.obolibrary.org/obo/UPHENO_0047600		true	http://purl.obolibrary.org/obo/UBERON_0010741-abnormalFractureOfAnatomicalEntity.tsv
http://purl.obolibrary.org/obo/UPHENO_0047601		true	http://purl.obolibrary.org/obo/UBERON_0003461-abnormalFractureOfAnatomicalEntity.tsv
http://purl.obolibrary.org/obo/UPHENO_0047602		true	http://purl.obolibrary.org/obo/UBERON_0003460-abnormalFractureOfAnatomicalEntity.tsv
http://purl.obolibrary.org/obo/UPHENO_0047603		true	http://purl.obolibrary.org/obo/UBERON_0004395-abnormalFractureOfAnatomicalEntity.tsv
http://purl.obolibrary.org/obo/UPHENO_0047604		true	http://purl.obolibrary.org/obo/UBERON_0004250-abnormalFractureOfAnatomicalEntity.tsv
http://purl.obolibrary.org/obo/UPHENO_0047605		true	http://purl.obolibrary.org/obo/UBERON_0004390-abnormalFractureOfAnatomicalEntity.tsv
http://purl.obolibrary.org/obo/UPHENO_0047606		true	http://purl.obolibrary.org/obo/UBERON_0004391-abnormalFractureOfAnatomicalEntity.tsv
http://purl.obolibrary.org/obo/UPHENO_0047607		true	http://purl.obolibrary.org/obo/UBERON_0001424-abnormalFractureOfAnatomicalEntity.tsv
http://purl.obolibrary.org/obo/UPHENO_0047608		true	http://purl.obolibrary.org/obo/UBERON_0001423-abnormalFractureOfAnatomicalEntity.tsv
http://purl.obolibrary.org/obo/UPHENO_0047609		true	http://purl.obolibrary.org/obo/UBERON_0003466-abnormalFractureOfAnatomicalEntity.tsv
http://purl.obolibrary.org/obo/UPHENO_0047610		true	http://purl.obolibrary.org/obo/UBERON_0015021-abnormalFractureOfAnatomicalEntity.tsv
http://purl.obolibrary.org/obo/UPHENO_0047611		true	http://purl.obolibrary.org/obo/UBERON_0015001-abnormalFractureOfAnatomicalEntity.tsv
http://purl.obolibrary.org/obo/UPHENO_0047612		true	http://purl.obolibrary.org/obo/UBERON_0001437-abnormalFractureOfAnatomicalEntity.tsv
http://purl.obolibrary.org/obo/UPHENO_0047613		true	http://purl.obolibrary.org/obo/UBERON_0005913-abnormalFractureOfAnatomicalEntity.tsv
http://purl.obolibrary.org/obo/UPHENO_0047614		true	http://purl.obolibrary.org/obo/UBERON_0015003-abnormalFractureOfAnatomicalEntity.tsv
http://purl.obolibrary.org/obo/UPHENO_0047615		true	http://purl.obolibrary.org/obo/ZFA_0001321-abnormalFractureOfAnatomicalEntity.tsv
http://purl.obolibrary.org/obo/UPHENO_0047616		true	http://purl.obolibrary.org/obo/ZFA_0005249-abnormalFractureOfAnatomicalEntity.tsv
http://purl.obolibrary.org/obo/UPHENO_0047617		true	http://purl.obolibrary.org/obo/UBERON_0002203-abnormalFractureOfAnatomicalEntity.tsv
http://purl.obolibrary.org/obo/UPHENO_0047618		true	http://purl.obolibrary.org/obo/UBERON_0000025-abnormalFractureOfAnatomicalEntity.tsv
http://purl.obolibrary.org/obo/UPHENO_0047619		true	http://purl.obolibrary.org/obo/UBERON_0000026-abnormalFractureOfAnatomicalEntity.tsv
http://purl.obolibrary.org/obo/UPHENO_0047620		true	http://purl.obolibrary.org/obo/ZFA_0000477-abnormalFractureOfAnatomicalEntity.tsv
http://purl.obolibrary.org/obo/UPHENO_0047621		true	http://purl.obolibrary.org/obo/UBERON_0002201-abnormalFractureOfAnatomicalEntity.tsv
http://purl.obolibrary.org/obo/UPHENO_0047622		true	http://purl.obolibrary.org/obo/UBERON_0002200-abnormalFractureOfAnatomicalEntity.tsv
http://purl.obolibrary.org/obo/UPHENO_0047623		true	http://purl.obolibrary.org/obo/UBERON_0006914-abnormalFractureOfAnatomicalEntity.tsv
http://purl.obolibrary.org/obo/UPHENO_0047624		true	http://purl.obolibrary.org/obo/UBERON_0008897-abnormalFractureOfAnatomicalEntity.tsv
http://purl.obolibrary.org/obo/UPHENO_0047625		true	http://purl.obolibrary.org/obo/UBERON_0000490-abnormalFractureOfAnatomicalEntity.tsv
http://purl.obolibrary.org/obo/UPHENO_0047626		true	http://purl.obolibrary.org/obo/ZFA_0001550-abnormalFractureOfAnatomicalEntity.tsv
http://purl.obolibrary.org/obo/UPHENO_0047627		true	http://purl.obolibrary.org/obo/UBERON_0003082-abnormalFractureOfAnatomicalEntity.tsv
http://purl.obolibrary.org/obo/UPHENO_0047628		true	http://purl.obolibrary.org/obo/UBERON_0003524-abnormalFractureOfAnatomicalEntity.tsv
http://purl.obolibrary.org/obo/UPHENO_0047629		true	http://purl.obolibrary.org/obo/ZFA_0000108-abnormalFractureOfAnatomicalEntity.tsv
http://purl.obolibrary.org/obo/UPHENO_0047630		true	http://purl.obolibrary.org/obo/UBERON_0005945-abnormalFractureOfAnatomicalEntity.tsv
http://purl.obolibrary.org/obo/UPHENO_0047631		true	http://purl.obolibrary.org/obo/ZFA_0005597-abnormalFractureOfAnatomicalEntity.tsv
http://purl.obolibrary.org/obo/UPHENO_0047632		true	http://purl.obolibrary.org/obo/UBERON_0004852-abnormalFractureOfAnatomicalEntity.tsv
http://purl.obolibrary.org/obo/UPHENO_0047633		true	http://purl.obolibrary.org/obo/UBERON_0005389-abnormalFractureOfAnatomicalEntity.tsv
http://purl.obolibrary.org/obo/UPHENO_0047634		true	http://purl.obolibrary.org/obo/ZFA_0001554-abnormalFractureOfAnatomicalEntity.tsv
http://purl.obolibrary.org/obo/UPHENO_0047635		true	http://purl.obolibrary.org/obo/UBERON_0005388-abnormalFractureOfAnatomicalEntity.tsv
http://purl.obolibrary.org/obo/UPHENO_0047636		true	http://purl.obolibrary.org/obo/UBERON_0003519-abnormalFractureOfAnatomicalEntity.tsv
http://purl.obolibrary.org/obo/UPHENO_0047637		true	http://purl.obolibrary.org/obo/UBERON_0014892-abnormalFractureOfAnatomicalEntity.tsv
http://purl.obolibrary.org/obo/UPHENO_0047638		true	http://purl.obolibrary.org/obo/UBERON_2001089-abnormalFractureOfAnatomicalEntity.tsv
http://purl.obolibrary.org/obo/UPHENO_0047639		true	http://purl.obolibrary.org/obo/UBERON_0019304-abnormalFractureOfAnatomicalEntity.tsv
http://purl.obolibrary.org/obo/UPHENO_0047640		true	http://purl.obolibrary.org/obo/UBERON_0000480-abnormalFractureOfAnatomicalEntity.tsv
http://purl.obolibrary.org/obo/UPHENO_0047641		true	http://purl.obolibrary.org/obo/UBERON_0000481-abnormalFractureOfAnatomicalEntity.tsv
http://purl.obolibrary.org/obo/UPHENO_0047642		true	http://purl.obolibrary.org/obo/UBERON_0005492-abnormalFractureOfAnatomicalEntity.tsv
http://purl.obolibrary.org/obo/UPHENO_0047643		true	http://purl.obolibrary.org/obo/UBERON_0003513-abnormalFractureOfAnatomicalEntity.tsv
http://purl.obolibrary.org/obo/UPHENO_0047644		true	http://purl.obolibrary.org/obo/UBERON_0000487-abnormalFractureOfAnatomicalEntity.tsv
http://purl.obolibrary.org/obo/UPHENO_0047645		true	http://purl.obolibrary.org/obo/UBERON_0000489-abnormalFractureOfAnatomicalEntity.tsv
http://purl.obolibrary.org/obo/UPHENO_0047646		true	http://purl.obolibrary.org/obo/UBERON_0000482-abnormalFractureOfAnatomicalEntity.tsv
http://purl.obolibrary.org/obo/UPHENO_0047647		true	http://purl.obolibrary.org/obo/UBERON_0000483-abnormalFractureOfAnatomicalEntity.tsv
http://purl.obolibrary.org/obo/UPHENO_0047648		true	http://purl.obolibrary.org/obo/UBERON_0003509-abnormalFractureOfAnatomicalEntity.tsv
http://purl.obolibrary.org/obo/UPHENO_0047649		true	http://purl.obolibrary.org/obo/UBERON_0000479-abnormalFractureOfAnatomicalEntity.tsv
http://purl.obolibrary.org/obo/UPHENO_0047650		true	http://purl.obolibrary.org/obo/UBERON_0005805-abnormalFractureOfAnatomicalEntity.tsv
http://purl.obolibrary.org/obo/UPHENO_0047651		true	http://purl.obolibrary.org/obo/UBERON_0007301-abnormalFractureOfAnatomicalEntity.tsv
http://purl.obolibrary.org/obo/UPHENO_0047652		true	http://purl.obolibrary.org/obo/UBERON_0008998-abnormalFractureOfAnatomicalEntity.tsv
http://purl.obolibrary.org/obo/UPHENO_0047653		true	http://purl.obolibrary.org/obo/UBERON_0003060-abnormalFractureOfAnatomicalEntity.tsv
http://purl.obolibrary.org/obo/UPHENO_0047654		true	http://purl.obolibrary.org/obo/ZFA_0001094-abnormalFractureOfAnatomicalEntity.tsv
http://purl.obolibrary.org/obo/UPHENO_0047655		true	http://purl.obolibrary.org/obo/UBERON_0000475-abnormalFractureOfAnatomicalEntity.tsv
http://purl.obolibrary.org/obo/UPHENO_0047656		true	http://purl.obolibrary.org/obo/UBERON_0000477-abnormalFractureOfAnatomicalEntity.tsv
http://purl.obolibrary.org/obo/UPHENO_0047657		true	http://purl.obolibrary.org/obo/UBERON_0007307-abnormalFractureOfAnatomicalEntity.tsv
http://purl.obolibrary.org/obo/UPHENO_0047658		true	http://purl.obolibrary.org/obo/ZFA_0009256-abnormalFractureOfAnatomicalEntity.tsv
http://purl.obolibrary.org/obo/UPHENO_0047659		true	http://purl.obolibrary.org/obo/UBERON_4300037-abnormalFractureOfAnatomicalEntity.tsv
http://purl.obolibrary.org/obo/UPHENO_0047660		true	http://purl.obolibrary.org/obo/UBERON_0000468-abnormalFractureOfAnatomicalEntity.tsv
http://purl.obolibrary.org/obo/UPHENO_0047661		true	http://purl.obolibrary.org/obo/UBERON_0002407-abnormalFractureOfAnatomicalEntity.tsv
http://purl.obolibrary.org/obo/UPHENO_0047662		true	http://purl.obolibrary.org/obo/UBERON_0011362-abnormalFractureOfAnatomicalEntity.tsv
http://purl.obolibrary.org/obo/UPHENO_0047663		true	http://purl.obolibrary.org/obo/UBERON_4400005-abnormalFractureOfAnatomicalEntity.tsv
http://purl.obolibrary.org/obo/UPHENO_0047664		true	http://purl.obolibrary.org/obo/ZFA_0001089-abnormalFractureOfAnatomicalEntity.tsv
http://purl.obolibrary.org/obo/UPHENO_0047665		true	http://purl.obolibrary.org/obo/UBERON_0013768-abnormalFractureOfAnatomicalEntity.tsv
http://purl.obolibrary.org/obo/UPHENO_0047666		true	http://purl.obolibrary.org/obo/UBERON_3000961-abnormalFractureOfAnatomicalEntity.tsv
http://purl.obolibrary.org/obo/UPHENO_0047667		true	http://purl.obolibrary.org/obo/UBERON_0001792-abnormalFractureOfAnatomicalEntity.tsv
http://purl.obolibrary.org/obo/UPHENO_0047668		true	http://purl.obolibrary.org/obo/UBERON_0001794-abnormalFractureOfAnatomicalEntity.tsv
http://purl.obolibrary.org/obo/UPHENO_0047669		true	http://purl.obolibrary.org/obo/UBERON_0000463-abnormalFractureOfAnatomicalEntity.tsv
http://purl.obolibrary.org/obo/UPHENO_0047670		true	http://purl.obolibrary.org/obo/UBERON_0004819-abnormalFractureOfAnatomicalEntity.tsv
http://purl.obolibrary.org/obo/UPHENO_0047671		true	http://purl.obolibrary.org/obo/UBERON_0002514-abnormalFractureOfAnatomicalEntity.tsv
http://purl.obolibrary.org/obo/UPHENO_0047672		true	http://purl.obolibrary.org/obo/ZFA_0001639-abnormalFractureOfAnatomicalEntity.tsv
http://purl.obolibrary.org/obo/UPHENO_0047673		true	http://purl.obolibrary.org/obo/UBERON_2000084-abnormalFractureOfAnatomicalEntity.tsv
http://purl.obolibrary.org/obo/UPHENO_0047674		true	http://purl.obolibrary.org/obo/ZFA_0001079-abnormalFractureOfAnatomicalEntity.tsv
http://purl.obolibrary.org/obo/UPHENO_0047675		true	http://purl.obolibrary.org/obo/UBERON_0006553-abnormalFractureOfAnatomicalEntity.tsv
http://purl.obolibrary.org/obo/UPHENO_0047676		true	http://purl.obolibrary.org/obo/UBERON_0011216-abnormalFractureOfAnatomicalEntity.tsv
http://purl.obolibrary.org/obo/UPHENO_0047677		true	http://purl.obolibrary.org/obo/ZFA_0009116-abnormalFractureOfAnatomicalEntity.tsv
http://purl.obolibrary.org/obo/UPHENO_0047678		true	http://purl.obolibrary.org/obo/ZFA_0009115-abnormalFractureOfAnatomicalEntity.tsv
http://purl.obolibrary.org/obo/UPHENO_0047679		true	http://purl.obolibrary.org/obo/ZFA_0009114-abnormalFractureOfAnatomicalEntity.tsv
http://purl.obolibrary.org/obo/UPHENO_0047680		true	http://purl.obolibrary.org/obo/UBERON_0001781-abnormalFractureOfAnatomicalEntity.tsv
http://purl.obolibrary.org/obo/UPHENO_0047681		true	http://purl.obolibrary.org/obo/UBERON_0002199-abnormalFractureOfAnatomicalEntity.tsv
http://purl.obolibrary.org/obo/UPHENO_0047682		true	http://purl.obolibrary.org/obo/UBERON_0004376-abnormalFractureOfAnatomicalEntity.tsv
http://purl.obolibrary.org/obo/UPHENO_0047683		true	http://purl.obolibrary.org/obo/UBERON_0006555-abnormalFractureOfAnatomicalEntity.tsv
http://purl.obolibrary.org/obo/UPHENO_0047684		true	http://purl.obolibrary.org/obo/UBERON_0005103-abnormalFractureOfAnatomicalEntity.tsv
http://purl.obolibrary.org/obo/UPHENO_0047685		true	http://purl.obolibrary.org/obo/ZFA_0005313-abnormalFractureOfAnatomicalEntity.tsv
http://purl.obolibrary.org/obo/UPHENO_0047686		true	http://purl.obolibrary.org/obo/UBERON_0001782-abnormalFractureOfAnatomicalEntity.tsv
http://purl.obolibrary.org/obo/UPHENO_0047687		true	http://purl.obolibrary.org/obo/UBERON_0004923-abnormalFractureOfAnatomicalEntity.tsv
http://purl.obolibrary.org/obo/UPHENO_0047688		true	http://purl.obolibrary.org/obo/ZFA_0000538-abnormalFractureOfAnatomicalEntity.tsv
http://purl.obolibrary.org/obo/UPHENO_0047689		true	http://purl.obolibrary.org/obo/UBERON_0010371-abnormalFractureOfAnatomicalEntity.tsv
http://purl.obolibrary.org/obo/UPHENO_0047690		true	http://purl.obolibrary.org/obo/UBERON_2001286-abnormalFractureOfAnatomicalEntity.tsv
http://purl.obolibrary.org/obo/UPHENO_0047691		true	http://purl.obolibrary.org/obo/UBERON_0036303-abnormalFractureOfAnatomicalEntity.tsv
http://purl.obolibrary.org/obo/UPHENO_0047692		true	http://purl.obolibrary.org/obo/UBERON_0036302-abnormalFractureOfAnatomicalEntity.tsv
http://purl.obolibrary.org/obo/UPHENO_0047693		true	http://purl.obolibrary.org/obo/ZFA_0000099-abnormalFractureOfAnatomicalEntity.tsv
http://purl.obolibrary.org/obo/UPHENO_0047694		true	http://purl.obolibrary.org/obo/ZFA_0005304-abnormalFractureOfAnatomicalEntity.tsv
http://purl.obolibrary.org/obo/UPHENO_0047695		true	http://purl.obolibrary.org/obo/UBERON_0002065-abnormalFractureOfAnatomicalEntity.tsv
http://purl.obolibrary.org/obo/UPHENO_0047696		true	http://purl.obolibrary.org/obo/UBERON_0015808-abnormalFractureOfAnatomicalEntity.tsv
http://purl.obolibrary.org/obo/UPHENO_0047697		true	http://purl.obolibrary.org/obo/ZFA_0001061-abnormalFractureOfAnatomicalEntity.tsv
http://purl.obolibrary.org/obo/UPHENO_0047698		true	http://purl.obolibrary.org/obo/UBERON_0002067-abnormalFractureOfAnatomicalEntity.tsv
http://purl.obolibrary.org/obo/UPHENO_0047699		true	http://purl.obolibrary.org/obo/UBERON_0000440-abnormalFractureOfAnatomicalEntity.tsv
http://purl.obolibrary.org/obo/UPHENO_0047700		true	http://purl.obolibrary.org/obo/UBERON_0002616-abnormalFractureOfAnatomicalEntity.tsv
http://purl.obolibrary.org/obo/UPHENO_0047701		true	http://purl.obolibrary.org/obo/ZFA_0001617-abnormalFractureOfAnatomicalEntity.tsv
http://purl.obolibrary.org/obo/UPHENO_0047702		true	http://purl.obolibrary.org/obo/UBERON_0013754-abnormalFractureOfAnatomicalEntity.tsv
http://purl.obolibrary.org/obo/UPHENO_0047703		true	http://purl.obolibrary.org/obo/UBERON_2002284-abnormalFractureOfAnatomicalEntity.tsv
http://purl.obolibrary.org/obo/UPHENO_0047704		true	http://purl.obolibrary.org/obo/UBERON_0004111-abnormalFractureOfAnatomicalEntity.tsv
http://purl.obolibrary.org/obo/UPHENO_0047705		true	http://purl.obolibrary.org/obo/ZFA_0001056-abnormalFractureOfAnatomicalEntity.tsv
http://purl.obolibrary.org/obo/UPHENO_0047706		true	http://purl.obolibrary.org/obo/ZFA_0001176-abnormalFractureOfAnatomicalEntity.tsv
http://purl.obolibrary.org/obo/UPHENO_0047707		true	http://purl.obolibrary.org/obo/ZFA_0000086-abnormalFractureOfAnatomicalEntity.tsv
http://purl.obolibrary.org/obo/UPHENO_0047708		true	http://purl.obolibrary.org/obo/ZFA_0000084-abnormalFractureOfAnatomicalEntity.tsv
http://purl.obolibrary.org/obo/UPHENO_0047709		true	http://purl.obolibrary.org/obo/UBERON_0002050-abnormalFractureOfAnatomicalEntity.tsv
http://purl.obolibrary.org/obo/UPHENO_0047710		true	http://purl.obolibrary.org/obo/ZFA_0000082-abnormalFractureOfAnatomicalEntity.tsv
http://purl.obolibrary.org/obo/UPHENO_0047711		true	http://purl.obolibrary.org/obo/UBERON_0004119-abnormalFractureOfAnatomicalEntity.tsv
http://purl.obolibrary.org/obo/UPHENO_0047712		true	http://purl.obolibrary.org/obo/UBERON_0007625-abnormalFractureOfAnatomicalEntity.tsv
http://purl.obolibrary.org/obo/UPHENO_0047713		true	http://purl.obolibrary.org/obo/UBERON_0001638-abnormalFractureOfAnatomicalEntity.tsv
http://purl.obolibrary.org/obo/UPHENO_0047714		true	http://purl.obolibrary.org/obo/UBERON_4500008-abnormalFractureOfAnatomicalEntity.tsv
http://purl.obolibrary.org/obo/UPHENO_0047715		true	http://purl.obolibrary.org/obo/UBERON_0001637-abnormalFractureOfAnatomicalEntity.tsv
http://purl.obolibrary.org/obo/UPHENO_0047716		true	http://purl.obolibrary.org/obo/UBERON_0007619-abnormalFractureOfAnatomicalEntity.tsv
http://purl.obolibrary.org/obo/UPHENO_0047717		true	http://purl.obolibrary.org/obo/UBERON_2005304-abnormalFractureOfAnatomicalEntity.tsv
http://purl.obolibrary.org/obo/UPHENO_0047718		true	http://purl.obolibrary.org/obo/ZFA_0001286-abnormalFractureOfAnatomicalEntity.tsv
http://purl.obolibrary.org/obo/UPHENO_0047719		true	http://purl.obolibrary.org/obo/ZFA_0001285-abnormalFractureOfAnatomicalEntity.tsv
http://purl.obolibrary.org/obo/UPHENO_0047720		true	http://purl.obolibrary.org/obo/UBERON_0002280-abnormalFractureOfAnatomicalEntity.tsv
http://purl.obolibrary.org/obo/UPHENO_0047721		true	http://purl.obolibrary.org/obo/UBERON_0002049-abnormalFractureOfAnatomicalEntity.tsv
http://purl.obolibrary.org/obo/UPHENO_0047722		true	http://purl.obolibrary.org/obo/UBERON_0001630-abnormalFractureOfAnatomicalEntity.tsv
http://purl.obolibrary.org/obo/UPHENO_0047723		true	http://purl.obolibrary.org/obo/UBERON_0003932-abnormalFractureOfAnatomicalEntity.tsv
http://purl.obolibrary.org/obo/UPHENO_0047724		true	http://purl.obolibrary.org/obo/UBERON_0003496-abnormalFractureOfAnatomicalEntity.tsv
http://purl.obolibrary.org/obo/UPHENO_0047725		true	http://purl.obolibrary.org/obo/UBERON_0004344-abnormalFractureOfAnatomicalEntity.tsv
http://purl.obolibrary.org/obo/UPHENO_0047726		true	http://purl.obolibrary.org/obo/UBERON_0017650-abnormalFractureOfAnatomicalEntity.tsv
http://purl.obolibrary.org/obo/UPHENO_0047727		true	http://purl.obolibrary.org/obo/UBERON_0001986-abnormalFractureOfAnatomicalEntity.tsv
http://purl.obolibrary.org/obo/UPHENO_0047728		true	http://purl.obolibrary.org/obo/UBERON_2001257-abnormalFractureOfAnatomicalEntity.tsv
http://purl.obolibrary.org/obo/UPHENO_0047729		true	http://purl.obolibrary.org/obo/UBERON_0007842-abnormalFractureOfAnatomicalEntity.tsv
http://purl.obolibrary.org/obo/UPHENO_0047730		true	http://purl.obolibrary.org/obo/UBERON_0004573-abnormalFractureOfAnatomicalEntity.tsv
http://purl.obolibrary.org/obo/UPHENO_0047731		true	http://purl.obolibrary.org/obo/ZFA_0005755-abnormalFractureOfAnatomicalEntity.tsv
http://purl.obolibrary.org/obo/UPHENO_0047732		true	http://purl.obolibrary.org/obo/UBERON_0010204-abnormalFractureOfAnatomicalEntity.tsv
http://purl.obolibrary.org/obo/UPHENO_0047733		true	http://purl.obolibrary.org/obo/UBERON_0003920-abnormalFractureOfAnatomicalEntity.tsv
http://purl.obolibrary.org/obo/UPHENO_0047734		true	http://purl.obolibrary.org/obo/UBERON_0006876-abnormalFractureOfAnatomicalEntity.tsv
http://purl.obolibrary.org/obo/UPHENO_0047735		true	http://purl.obolibrary.org/obo/UBERON_0005423-abnormalFractureOfAnatomicalEntity.tsv
http://purl.obolibrary.org/obo/UPHENO_0047736		true	http://purl.obolibrary.org/obo/UBERON_0001981-abnormalFractureOfAnatomicalEntity.tsv
http://purl.obolibrary.org/obo/UPHENO_0047737		true	http://purl.obolibrary.org/obo/ZFA_0005754-abnormalFractureOfAnatomicalEntity.tsv
http://purl.obolibrary.org/obo/UPHENO_0047738		true	http://purl.obolibrary.org/obo/UBERON_4000174-abnormalFractureOfAnatomicalEntity.tsv
http://purl.obolibrary.org/obo/UPHENO_0047739		true	http://purl.obolibrary.org/obo/UBERON_0012075-abnormalFractureOfAnatomicalEntity.tsv
http://purl.obolibrary.org/obo/UPHENO_0047740		true	http://purl.obolibrary.org/obo/UBERON_0003914-abnormalFractureOfAnatomicalEntity.tsv
http://purl.obolibrary.org/obo/UPHENO_0047741		true	http://purl.obolibrary.org/obo/UBERON_4000172-abnormalFractureOfAnatomicalEntity.tsv
http://purl.obolibrary.org/obo/UPHENO_0047742		true	http://purl.obolibrary.org/obo/UBERON_2005049-abnormalFractureOfAnatomicalEntity.tsv
http://purl.obolibrary.org/obo/UPHENO_0047743		true	http://purl.obolibrary.org/obo/UBERON_2000610-abnormalFractureOfAnatomicalEntity.tsv
http://purl.obolibrary.org/obo/UPHENO_0047744		true	http://purl.obolibrary.org/obo/UBERON_0006068-abnormalFractureOfAnatomicalEntity.tsv
http://purl.obolibrary.org/obo/UPHENO_0047745		true	http://purl.obolibrary.org/obo/UBERON_0003473-abnormalFractureOfAnatomicalEntity.tsv
http://purl.obolibrary.org/obo/UPHENO_0047746		true	http://purl.obolibrary.org/obo/UBERON_0000083-abnormalFractureOfAnatomicalEntity.tsv
http://purl.obolibrary.org/obo/UPHENO_0047747		true	http://purl.obolibrary.org/obo/ZFA_0000054-abnormalFractureOfAnatomicalEntity.tsv
http://purl.obolibrary.org/obo/UPHENO_0047748		true	http://purl.obolibrary.org/obo/ZFA_0001029-abnormalFractureOfAnatomicalEntity.tsv
http://purl.obolibrary.org/obo/UPHENO_0047749		true	http://purl.obolibrary.org/obo/UBERON_0005777-abnormalFractureOfAnatomicalEntity.tsv
http://purl.obolibrary.org/obo/UPHENO_0047750		true	http://purl.obolibrary.org/obo/ZFA_0000610-abnormalFractureOfAnatomicalEntity.tsv
http://purl.obolibrary.org/obo/UPHENO_0047751		true	http://purl.obolibrary.org/obo/ZFA_0001267-abnormalFractureOfAnatomicalEntity.tsv
http://purl.obolibrary.org/obo/UPHENO_0047752		true	http://purl.obolibrary.org/obo/UBERON_4000162-abnormalFractureOfAnatomicalEntity.tsv
http://purl.obolibrary.org/obo/UPHENO_0047753		true	http://purl.obolibrary.org/obo/UBERON_0005090-abnormalFractureOfAnatomicalEntity.tsv
http://purl.obolibrary.org/obo/UPHENO_0047754		true	http://purl.obolibrary.org/obo/UBERON_0000073-abnormalFractureOfAnatomicalEntity.tsv
http://purl.obolibrary.org/obo/UPHENO_0047755		true	http://purl.obolibrary.org/obo/UBERON_0014907-abnormalFractureOfAnatomicalEntity.tsv
http://purl.obolibrary.org/obo/UPHENO_0047756		true	http://purl.obolibrary.org/obo/UBERON_0008911-abnormalFractureOfAnatomicalEntity.tsv
http://purl.obolibrary.org/obo/UPHENO_0047757		true	http://purl.obolibrary.org/obo/UBERON_0007383-abnormalFractureOfAnatomicalEntity.tsv
http://purl.obolibrary.org/obo/UPHENO_0047758		true	http://purl.obolibrary.org/obo/UBERON_0014903-abnormalFractureOfAnatomicalEntity.tsv
http://purl.obolibrary.org/obo/UPHENO_0047759		true	http://purl.obolibrary.org/obo/UBERON_0001048-abnormalFractureOfAnatomicalEntity.tsv
http://purl.obolibrary.org/obo/UPHENO_0047760		true	http://purl.obolibrary.org/obo/UBERON_0005769-abnormalFractureOfAnatomicalEntity.tsv
http://purl.obolibrary.org/obo/UPHENO_0047761		true	http://purl.obolibrary.org/obo/UBERON_0003102-abnormalFractureOfAnatomicalEntity.tsv
http://purl.obolibrary.org/obo/UPHENO_0047762		true	http://purl.obolibrary.org/obo/UBERON_0009201-abnormalFractureOfAnatomicalEntity.tsv
http://purl.obolibrary.org/obo/UPHENO_0047763		true	http://purl.obolibrary.org/obo/UBERON_0003103-abnormalFractureOfAnatomicalEntity.tsv
http://purl.obolibrary.org/obo/UPHENO_0047764		true	http://purl.obolibrary.org/obo/ZFA_0001257-abnormalFractureOfAnatomicalEntity.tsv
http://purl.obolibrary.org/obo/UPHENO_0047765		true	http://purl.obolibrary.org/obo/UBERON_0003463-abnormalFractureOfAnatomicalEntity.tsv
http://purl.obolibrary.org/obo/UPHENO_0047766		true	http://purl.obolibrary.org/obo/UBERON_0008907-abnormalFractureOfAnatomicalEntity.tsv
http://purl.obolibrary.org/obo/UPHENO_0047767		true	http://purl.obolibrary.org/obo/ZFA_0009091-abnormalFractureOfAnatomicalEntity.tsv
http://purl.obolibrary.org/obo/UPHENO_0047768		true	http://purl.obolibrary.org/obo/UBERON_0000063-abnormalFractureOfAnatomicalEntity.tsv
http://purl.obolibrary.org/obo/UPHENO_0047769		true	http://purl.obolibrary.org/obo/ZFA_0000152-abnormalFractureOfAnatomicalEntity.tsv
http://purl.obolibrary.org/obo/UPHENO_0047770		true	http://purl.obolibrary.org/obo/ZFA_0005605-abnormalFractureOfAnatomicalEntity.tsv
http://purl.obolibrary.org/obo/UPHENO_0047771		true	http://purl.obolibrary.org/obo/ZFA_0000150-abnormalFractureOfAnatomicalEntity.tsv
http://purl.obolibrary.org/obo/UPHENO_0047772		true	http://purl.obolibrary.org/obo/ZFA_0005046-abnormalFractureOfAnatomicalEntity.tsv
http://purl.obolibrary.org/obo/UPHENO_0047773		true	http://purl.obolibrary.org/obo/ZFA_0000035-abnormalFractureOfAnatomicalEntity.tsv
http://purl.obolibrary.org/obo/UPHENO_0047774		true	http://purl.obolibrary.org/obo/ZFA_0005049-abnormalFractureOfAnatomicalEntity.tsv
http://purl.obolibrary.org/obo/UPHENO_0047775		true	http://purl.obolibrary.org/obo/ZFA_0000144-abnormalFractureOfAnatomicalEntity.tsv
http://purl.obolibrary.org/obo/UPHENO_0047776		true	http://purl.obolibrary.org/obo/UBERON_0010522-abnormalFractureOfAnatomicalEntity.tsv
http://purl.obolibrary.org/obo/UPHENO_0047777		true	http://purl.obolibrary.org/obo/UBERON_0004537-abnormalFractureOfAnatomicalEntity.tsv
http://purl.obolibrary.org/obo/UPHENO_0047778		true	http://purl.obolibrary.org/obo/ZFA_0001119-abnormalFractureOfAnatomicalEntity.tsv
http://purl.obolibrary.org/obo/UPHENO_0047779		true	http://purl.obolibrary.org/obo/UBERON_0000058-abnormalFractureOfAnatomicalEntity.tsv
http://purl.obolibrary.org/obo/UPHENO_0047780		true	http://purl.obolibrary.org/obo/ZFA_0005277-abnormalFractureOfAnatomicalEntity.tsv
http://purl.obolibrary.org/obo/UPHENO_0047781		true	http://purl.obolibrary.org/obo/ZFA_0005037-abnormalFractureOfAnatomicalEntity.tsv
http://purl.obolibrary.org/obo/UPHENO_0047782		true	http://purl.obolibrary.org/obo/UBERON_0000055-abnormalFractureOfAnatomicalEntity.tsv
http://purl.obolibrary.org/obo/UPHENO_0047783		true	http://purl.obolibrary.org/obo/ZFA_0001477-abnormalFractureOfAnatomicalEntity.tsv
http://purl.obolibrary.org/obo/UPHENO_0047784		true	http://purl.obolibrary.org/obo/ZFA_0000024-abnormalFractureOfAnatomicalEntity.tsv
http://purl.obolibrary.org/obo/UPHENO_0047785		true	http://purl.obolibrary.org/obo/UBERON_0000965-abnormalFractureOfAnatomicalEntity.tsv
http://purl.obolibrary.org/obo/UPHENO_0047786		true	http://purl.obolibrary.org/obo/UBERON_0000966-abnormalFractureOfAnatomicalEntity.tsv
http://purl.obolibrary.org/obo/UPHENO_0047787		true	http://purl.obolibrary.org/obo/UBERON_0012275-abnormalFractureOfAnatomicalEntity.tsv
http://purl.obolibrary.org/obo/UPHENO_0047788		true	http://purl.obolibrary.org/obo/ZFA_0001463-abnormalFractureOfAnatomicalEntity.tsv
http://purl.obolibrary.org/obo/UPHENO_0047789		true	http://purl.obolibrary.org/obo/UBERON_0005177-abnormalFractureOfAnatomicalEntity.tsv
http://purl.obolibrary.org/obo/UPHENO_0047790		true	http://purl.obolibrary.org/obo/ZFA_0005145-abnormalFractureOfAnatomicalEntity.tsv
http://purl.obolibrary.org/obo/UPHENO_0047791		true	http://purl.obolibrary.org/obo/ZFA_0005024-abnormalFractureOfAnatomicalEntity.tsv
http://purl.obolibrary.org/obo/UPHENO_0047792		true	http://purl.obolibrary.org/obo/UBERON_0000042-abnormalFractureOfAnatomicalEntity.tsv
http://purl.obolibrary.org/obo/UPHENO_0047793		true	http://purl.obolibrary.org/obo/ZFA_0005025-abnormalFractureOfAnatomicalEntity.tsv
http://purl.obolibrary.org/obo/UPHENO_0047794		true	http://purl.obolibrary.org/obo/ZFA_0000014-abnormalFractureOfAnatomicalEntity.tsv
http://purl.obolibrary.org/obo/UPHENO_0047795		true	http://purl.obolibrary.org/obo/ZFA_0000135-abnormalFractureOfAnatomicalEntity.tsv
http://purl.obolibrary.org/obo/UPHENO_0047796		true	http://purl.obolibrary.org/obo/UBERON_0022303-abnormalFractureOfAnatomicalEntity.tsv
http://purl.obolibrary.org/obo/UPHENO_0047797		true	http://purl.obolibrary.org/obo/UBERON_0000957-abnormalFractureOfAnatomicalEntity.tsv
http://purl.obolibrary.org/obo/UPHENO_0047798		true	http://purl.obolibrary.org/obo/UBERON_0005291-abnormalFractureOfAnatomicalEntity.tsv
http://purl.obolibrary.org/obo/UPHENO_0047799		true	http://purl.obolibrary.org/obo/UBERON_0005162-abnormalFractureOfAnatomicalEntity.tsv
http://purl.obolibrary.org/obo/UPHENO_0047800		true	http://purl.obolibrary.org/obo/UBERON_0004756-abnormalFractureOfAnatomicalEntity.tsv
http://purl.obolibrary.org/obo/UPHENO_0047801		true	http://purl.obolibrary.org/obo/UBERON_0002457-abnormalFractureOfAnatomicalEntity.tsv
http://purl.obolibrary.org/obo/UPHENO_0047802		true	http://purl.obolibrary.org/obo/ZFA_0000368-abnormalFractureOfAnatomicalEntity.tsv
http://purl.obolibrary.org/obo/UPHENO_0047803		true	http://purl.obolibrary.org/obo/UBERON_0004750-abnormalFractureOfAnatomicalEntity.tsv
http://purl.obolibrary.org/obo/UPHENO_0047804		true	http://purl.obolibrary.org/obo/ZFA_0009052-abnormalFractureOfAnatomicalEntity.tsv
http://purl.obolibrary.org/obo/UPHENO_0047805		true	http://purl.obolibrary.org/obo/UBERON_0000947-abnormalFractureOfAnatomicalEntity.tsv
http://purl.obolibrary.org/obo/UPHENO_0047806		true	http://purl.obolibrary.org/obo/UBERON_0002328-abnormalFractureOfAnatomicalEntity.tsv
http://purl.obolibrary.org/obo/UPHENO_0047807		true	http://purl.obolibrary.org/obo/UBERON_2005025-abnormalFractureOfAnatomicalEntity.tsv
http://purl.obolibrary.org/obo/UPHENO_0047808		true	http://purl.obolibrary.org/obo/UBERON_2001463-abnormalFractureOfAnatomicalEntity.tsv
http://purl.obolibrary.org/obo/UPHENO_0080051		true	http://purl.obolibrary.org/obo/GO_0005623-http://purl.obolibrary.org/obo/BFO_0000004-apoptoticAnatomicalEntityInLocation.tsv
http://purl.obolibrary.org/obo/UPHENO_0080052		true	http://purl.obolibrary.org/obo/GO_0005634-http://purl.obolibrary.org/obo/BFO_0000004-apoptoticAnatomicalEntityInLocation.tsv
http://purl.obolibrary.org/obo/UPHENO_0080053		true	http://purl.obolibrary.org/obo/UBERON_0001062-http://purl.obolibrary.org/obo/BFO_0000004-apoptoticAnatomicalEntityInLocation.tsv
http://purl.obolibrary.org/obo/UPHENO_0078578		true	http://purl.obolibrary.org/obo/UBERON_0001062-apoptoticAnatomicalEntity.tsv
http://purl.obolibrary.org/obo/UPHENO_0086128		true	http://purl.obolibrary.org/obo/UBERON_0001062-non-functionalAnatomicalEntity.tsv
http://purl.obolibrary.org/obo/UPHENO_0086129		true	http://purl.obolibrary.org/obo/UBERON_0001711-non-functionalAnatomicalEntity.tsv
http://purl.obolibrary.org/obo/UPHENO_0086130		true	http://purl.obolibrary.org/obo/UBERON_0002107-non-functionalAnatomicalEntity.tsv
http://purl.obolibrary.org/obo/UPHENO_0086131		true	http://purl.obolibrary.org/obo/UBERON_0001004-non-functionalAnatomicalEntity.tsv
http://purl.obolibrary.org/obo/UPHENO_0086132		true	http://purl.obolibrary.org/obo/UBERON_0002113-non-functionalAnatomicalEntity.tsv
http://purl.obolibrary.org/obo/UPHENO_0086133		true	http://purl.obolibrary.org/obo/UBERON_0004681-non-functionalAnatomicalEntity.tsv
http://purl.obolibrary.org/obo/UPHENO_0031759		true	http://purl.obolibrary.org/obo/UBERON_0001062-lesionInAnatomicalEntity.tsv
http://purl.obolibrary.org/obo/UPHENO_0031760		true	http://purl.obolibrary.org/obo/UBERON_0000061-lesionInAnatomicalEntity.tsv
http://purl.obolibrary.org/obo/UPHENO_0031761		true	http://purl.obolibrary.org/obo/PLANA_0000418-lesionInAnatomicalEntity.tsv
http://purl.obolibrary.org/obo/UPHENO_0031762		true	http://purl.obolibrary.org/obo/UBERON_0000475-lesionInAnatomicalEntity.tsv
http://purl.obolibrary.org/obo/UPHENO_0031763		true	http://purl.obolibrary.org/obo/UBERON_0000465-lesionInAnatomicalEntity.tsv
http://purl.obolibrary.org/obo/UPHENO_0031764		true	http://purl.obolibrary.org/obo/UBERON_0010000-lesionInAnatomicalEntity.tsv
http://purl.obolibrary.org/obo/UPHENO_0031765		true	http://purl.obolibrary.org/obo/UBERON_0011676-lesionInAnatomicalEntity.tsv
http://purl.obolibrary.org/obo/UPHENO_0031766		true	http://purl.obolibrary.org/obo/UBERON_0000033-lesionInAnatomicalEntity.tsv
http://purl.obolibrary.org/obo/UPHENO_0031767		true	http://purl.obolibrary.org/obo/PLANA_0000421-lesionInAnatomicalEntity.tsv
