anatomical_entity	defined_class
http://purl.obolibrary.org/obo/CL_0000680	http://purl.obolibrary.org/obo/UPHENO_0084757
http://purl.obolibrary.org/obo/CL_0000681	http://purl.obolibrary.org/obo/UPHENO_0084757
http://purl.obolibrary.org/obo/CL_0000561	http://purl.obolibrary.org/obo/UPHENO_0084757
http://purl.obolibrary.org/obo/CL_0000440	http://purl.obolibrary.org/obo/UPHENO_0084757
http://purl.obolibrary.org/obo/CL_0000442	http://purl.obolibrary.org/obo/UPHENO_0084757
http://purl.obolibrary.org/obo/CL_0000322	http://purl.obolibrary.org/obo/UPHENO_0084757
http://purl.obolibrary.org/obo/CL_0000202	http://purl.obolibrary.org/obo/UPHENO_0084757
http://purl.obolibrary.org/obo/GO_0005815	http://purl.obolibrary.org/obo/UPHENO_0084757
http://purl.obolibrary.org/obo/GO_0005813	http://purl.obolibrary.org/obo/UPHENO_0084757
http://purl.obolibrary.org/obo/CL_0000446	http://purl.obolibrary.org/obo/UPHENO_0084757
http://purl.obolibrary.org/obo/CL_0000567	http://purl.obolibrary.org/obo/UPHENO_0084757
http://purl.obolibrary.org/obo/CL_0000205	http://purl.obolibrary.org/obo/UPHENO_0084757
http://purl.obolibrary.org/obo/CL_0000326	http://purl.obolibrary.org/obo/UPHENO_0084757
http://purl.obolibrary.org/obo/CL_0000206	http://purl.obolibrary.org/obo/UPHENO_0084757
http://purl.obolibrary.org/obo/CL_0000448	http://purl.obolibrary.org/obo/UPHENO_0084757
http://purl.obolibrary.org/obo/CL_0000449	http://purl.obolibrary.org/obo/UPHENO_0084757
http://purl.obolibrary.org/obo/CL_0000207	http://purl.obolibrary.org/obo/UPHENO_0084757
http://purl.obolibrary.org/obo/CL_0000451	http://purl.obolibrary.org/obo/UPHENO_0084757
http://purl.obolibrary.org/obo/GO_0033391	http://purl.obolibrary.org/obo/UPHENO_0084757
http://purl.obolibrary.org/obo/GO_0033270	http://purl.obolibrary.org/obo/UPHENO_0084757
http://purl.obolibrary.org/obo/CL_0000573	http://purl.obolibrary.org/obo/UPHENO_0084757
http://purl.obolibrary.org/obo/CL_0000695	http://purl.obolibrary.org/obo/UPHENO_0084757
http://purl.obolibrary.org/obo/CL_0000453	http://purl.obolibrary.org/obo/UPHENO_0084757
http://purl.obolibrary.org/obo/CL_0000696	http://purl.obolibrary.org/obo/UPHENO_0084757
http://purl.obolibrary.org/obo/CL_0000333	http://purl.obolibrary.org/obo/UPHENO_0084757
http://purl.obolibrary.org/obo/GO_0031091	http://purl.obolibrary.org/obo/UPHENO_0084757
http://purl.obolibrary.org/obo/CL_0000576	http://purl.obolibrary.org/obo/UPHENO_0084757
http://purl.obolibrary.org/obo/CL_0002633	http://purl.obolibrary.org/obo/UPHENO_0084757
http://purl.obolibrary.org/obo/GO_0097208	http://purl.obolibrary.org/obo/UPHENO_0084757
http://purl.obolibrary.org/obo/CL_0000216	http://purl.obolibrary.org/obo/UPHENO_0084757
http://purl.obolibrary.org/obo/CL_0002638	http://purl.obolibrary.org/obo/UPHENO_0084757
http://purl.obolibrary.org/obo/CL_0000218	http://purl.obolibrary.org/obo/UPHENO_0084757
http://purl.obolibrary.org/obo/GO_0015629	http://purl.obolibrary.org/obo/UPHENO_0084757
http://purl.obolibrary.org/obo/CL_0000782	http://purl.obolibrary.org/obo/UPHENO_0084757
http://purl.obolibrary.org/obo/CL_0000540	http://purl.obolibrary.org/obo/UPHENO_0084757
http://purl.obolibrary.org/obo/GO_0035686	http://purl.obolibrary.org/obo/UPHENO_0084757
http://purl.obolibrary.org/obo/CL_0000541	http://purl.obolibrary.org/obo/UPHENO_0084757
http://purl.obolibrary.org/obo/CL_0000783	http://purl.obolibrary.org/obo/UPHENO_0084757
http://purl.obolibrary.org/obo/CL_0000542	http://purl.obolibrary.org/obo/UPHENO_0084757
http://purl.obolibrary.org/obo/CL_0000784	http://purl.obolibrary.org/obo/UPHENO_0084757
http://purl.obolibrary.org/obo/CL_0000785	http://purl.obolibrary.org/obo/UPHENO_0084757
http://purl.obolibrary.org/obo/CL_0000786	http://purl.obolibrary.org/obo/UPHENO_0084757
http://purl.obolibrary.org/obo/GO_0033269	http://purl.obolibrary.org/obo/UPHENO_0084757
http://purl.obolibrary.org/obo/GO_0033268	http://purl.obolibrary.org/obo/UPHENO_0084757
http://purl.obolibrary.org/obo/CL_0000545	http://purl.obolibrary.org/obo/UPHENO_0084757
http://purl.obolibrary.org/obo/CL_0000787	http://purl.obolibrary.org/obo/UPHENO_0084757
http://purl.obolibrary.org/obo/CL_0000546	http://purl.obolibrary.org/obo/UPHENO_0084757
http://purl.obolibrary.org/obo/CL_0000788	http://purl.obolibrary.org/obo/UPHENO_0084757
http://purl.obolibrary.org/obo/CL_0000789	http://purl.obolibrary.org/obo/UPHENO_0084757
http://purl.obolibrary.org/obo/CL_0000547	http://purl.obolibrary.org/obo/UPHENO_0084757
http://purl.obolibrary.org/obo/CL_0000669	http://purl.obolibrary.org/obo/UPHENO_0084757
http://purl.obolibrary.org/obo/CL_0000670	http://purl.obolibrary.org/obo/UPHENO_0084757
http://purl.obolibrary.org/obo/CL_0000792	http://purl.obolibrary.org/obo/UPHENO_0084757
http://purl.obolibrary.org/obo/CL_0000793	http://purl.obolibrary.org/obo/UPHENO_0084757
http://purl.obolibrary.org/obo/GO_0032280	http://purl.obolibrary.org/obo/UPHENO_0084757
http://purl.obolibrary.org/obo/CL_0000794	http://purl.obolibrary.org/obo/UPHENO_0084757
http://purl.obolibrary.org/obo/CL_0000795	http://purl.obolibrary.org/obo/UPHENO_0084757
http://purl.obolibrary.org/obo/CL_0000553	http://purl.obolibrary.org/obo/UPHENO_0084757
http://purl.obolibrary.org/obo/CL_0000796	http://purl.obolibrary.org/obo/UPHENO_0084757
http://purl.obolibrary.org/obo/CL_0000312	http://purl.obolibrary.org/obo/UPHENO_0084757
http://purl.obolibrary.org/obo/CL_0000797	http://purl.obolibrary.org/obo/UPHENO_0084757
http://purl.obolibrary.org/obo/GO_0005929	http://purl.obolibrary.org/obo/UPHENO_0084757
http://purl.obolibrary.org/obo/CL_0000798	http://purl.obolibrary.org/obo/UPHENO_0084757
http://purl.obolibrary.org/obo/CL_0000556	http://purl.obolibrary.org/obo/UPHENO_0084757
http://purl.obolibrary.org/obo/CL_0000557	http://purl.obolibrary.org/obo/UPHENO_0084757
http://purl.obolibrary.org/obo/CL_0000679	http://purl.obolibrary.org/obo/UPHENO_0084757
http://purl.obolibrary.org/obo/CL_0000437	http://purl.obolibrary.org/obo/UPHENO_0084757
http://purl.obolibrary.org/obo/CL_0000558	http://purl.obolibrary.org/obo/UPHENO_0084757
http://purl.obolibrary.org/obo/CL_0000439	http://purl.obolibrary.org/obo/UPHENO_0084757
http://purl.obolibrary.org/obo/CL_0000242	http://purl.obolibrary.org/obo/UPHENO_0084757
http://purl.obolibrary.org/obo/CL_0000121	http://purl.obolibrary.org/obo/UPHENO_0084757
http://purl.obolibrary.org/obo/CL_0000000	http://purl.obolibrary.org/obo/UPHENO_0084757
http://purl.obolibrary.org/obo/GO_0098846	http://purl.obolibrary.org/obo/UPHENO_0084757
http://purl.obolibrary.org/obo/UBERON_0004029	http://purl.obolibrary.org/obo/UPHENO_0084757
http://purl.obolibrary.org/obo/GO_0005739	http://purl.obolibrary.org/obo/UPHENO_0084757
http://purl.obolibrary.org/obo/GO_0005856	http://purl.obolibrary.org/obo/UPHENO_0084757
http://purl.obolibrary.org/obo/GO_0005730	http://purl.obolibrary.org/obo/UPHENO_0084757
http://purl.obolibrary.org/obo/CL_0000127	http://purl.obolibrary.org/obo/UPHENO_0084757
http://purl.obolibrary.org/obo/CL_0000128	http://purl.obolibrary.org/obo/UPHENO_0084757
http://purl.obolibrary.org/obo/CL_0000008	http://purl.obolibrary.org/obo/UPHENO_0084757
http://purl.obolibrary.org/obo/CL_0000129	http://purl.obolibrary.org/obo/UPHENO_0084757
http://purl.obolibrary.org/obo/CL_0002672	http://purl.obolibrary.org/obo/UPHENO_0084757
http://purl.obolibrary.org/obo/CL_0000011	http://purl.obolibrary.org/obo/UPHENO_0084757
http://purl.obolibrary.org/obo/CL_0000136	http://purl.obolibrary.org/obo/UPHENO_0084757
http://purl.obolibrary.org/obo/CL_0000015	http://purl.obolibrary.org/obo/UPHENO_0084757
http://purl.obolibrary.org/obo/CL_0000137	http://purl.obolibrary.org/obo/UPHENO_0084757
http://purl.obolibrary.org/obo/CL_0000492	http://purl.obolibrary.org/obo/UPHENO_0084757
http://purl.obolibrary.org/obo/GO_0005743	http://purl.obolibrary.org/obo/UPHENO_0084757
http://purl.obolibrary.org/obo/CL_0000138	http://purl.obolibrary.org/obo/UPHENO_0084757
http://purl.obolibrary.org/obo/CL_0000017	http://purl.obolibrary.org/obo/UPHENO_0084757
http://purl.obolibrary.org/obo/CL_0000018	http://purl.obolibrary.org/obo/UPHENO_0084757
http://purl.obolibrary.org/obo/CL_0000581	http://purl.obolibrary.org/obo/UPHENO_0084757
http://purl.obolibrary.org/obo/CL_0000583	http://purl.obolibrary.org/obo/UPHENO_0084757
http://purl.obolibrary.org/obo/GO_0016605	http://purl.obolibrary.org/obo/UPHENO_0084757
http://purl.obolibrary.org/obo/CL_0000584	http://purl.obolibrary.org/obo/UPHENO_0084757
http://purl.obolibrary.org/obo/CL_0000100	http://purl.obolibrary.org/obo/UPHENO_0084757
http://purl.obolibrary.org/obo/GO_0015630	http://purl.obolibrary.org/obo/UPHENO_0084757
http://purl.obolibrary.org/obo/CL_0000101	http://purl.obolibrary.org/obo/UPHENO_0084757
http://purl.obolibrary.org/obo/CL_0000586	http://purl.obolibrary.org/obo/UPHENO_0084757
http://purl.obolibrary.org/obo/CL_0000467	http://purl.obolibrary.org/obo/UPHENO_0084757
http://purl.obolibrary.org/obo/GO_0042827	http://purl.obolibrary.org/obo/UPHENO_0084757
http://purl.obolibrary.org/obo/GO_0097730	http://purl.obolibrary.org/obo/UPHENO_0084757
http://purl.obolibrary.org/obo/CL_0000589	http://purl.obolibrary.org/obo/UPHENO_0084757
http://purl.obolibrary.org/obo/CL_0011003	http://purl.obolibrary.org/obo/UPHENO_0084757
http://purl.obolibrary.org/obo/CL_0000107	http://purl.obolibrary.org/obo/UPHENO_0084757
http://purl.obolibrary.org/obo/CL_0000108	http://purl.obolibrary.org/obo/UPHENO_0084757
http://purl.obolibrary.org/obo/CL_0000109	http://purl.obolibrary.org/obo/UPHENO_0084757
http://purl.obolibrary.org/obo/GO_0000262	http://purl.obolibrary.org/obo/UPHENO_0084757
http://purl.obolibrary.org/obo/GO_0016607	http://purl.obolibrary.org/obo/UPHENO_0084757
http://purl.obolibrary.org/obo/CL_0000110	http://purl.obolibrary.org/obo/UPHENO_0084757
http://purl.obolibrary.org/obo/CL_0000232	http://purl.obolibrary.org/obo/UPHENO_0084757
http://purl.obolibrary.org/obo/CL_0000233	http://purl.obolibrary.org/obo/UPHENO_0084757
http://purl.obolibrary.org/obo/CL_0000113	http://purl.obolibrary.org/obo/UPHENO_0084757
http://purl.obolibrary.org/obo/CL_0000234	http://purl.obolibrary.org/obo/UPHENO_0084757
http://purl.obolibrary.org/obo/CL_0000476	http://purl.obolibrary.org/obo/UPHENO_0084757
http://purl.obolibrary.org/obo/CL_0000235	http://purl.obolibrary.org/obo/UPHENO_0084757
http://purl.obolibrary.org/obo/CL_0000236	http://purl.obolibrary.org/obo/UPHENO_0084757
http://purl.obolibrary.org/obo/GO_0005604	http://purl.obolibrary.org/obo/UPHENO_0084757
http://purl.obolibrary.org/obo/GO_0005840	http://purl.obolibrary.org/obo/UPHENO_0084757
http://purl.obolibrary.org/obo/CL_0002418	http://purl.obolibrary.org/obo/UPHENO_0084757
http://purl.obolibrary.org/obo/CL_0000119	http://purl.obolibrary.org/obo/UPHENO_0084757
http://purl.obolibrary.org/obo/CL_0000164	http://purl.obolibrary.org/obo/UPHENO_0084757
http://purl.obolibrary.org/obo/CL_0000165	http://purl.obolibrary.org/obo/UPHENO_0084757
http://purl.obolibrary.org/obo/CL_0000287	http://purl.obolibrary.org/obo/UPHENO_0084757
http://purl.obolibrary.org/obo/CL_0002343	http://purl.obolibrary.org/obo/UPHENO_0084757
http://purl.obolibrary.org/obo/CL_1000495	http://purl.obolibrary.org/obo/UPHENO_0084757
http://purl.obolibrary.org/obo/CL_0000047	http://purl.obolibrary.org/obo/UPHENO_0084757
http://purl.obolibrary.org/obo/CL_0000048	http://purl.obolibrary.org/obo/UPHENO_0084757
http://purl.obolibrary.org/obo/CL_0000169	http://purl.obolibrary.org/obo/UPHENO_0084757
http://purl.obolibrary.org/obo/CL_0000049	http://purl.obolibrary.org/obo/UPHENO_0084757
http://purl.obolibrary.org/obo/CL_0000162	http://purl.obolibrary.org/obo/UPHENO_0084757
http://purl.obolibrary.org/obo/GO_0005777	http://purl.obolibrary.org/obo/UPHENO_0084757
http://purl.obolibrary.org/obo/GO_0005652	http://purl.obolibrary.org/obo/UPHENO_0084757
http://purl.obolibrary.org/obo/GO_0005773	http://purl.obolibrary.org/obo/UPHENO_0084757
http://purl.obolibrary.org/obo/UBERON_0001062	http://purl.obolibrary.org/obo/UPHENO_0084757
http://purl.obolibrary.org/obo/CL_1000488	http://purl.obolibrary.org/obo/UPHENO_0084757
http://purl.obolibrary.org/obo/CL_0002353	http://purl.obolibrary.org/obo/UPHENO_0084757
http://purl.obolibrary.org/obo/CL_0000295	http://purl.obolibrary.org/obo/UPHENO_0084757
http://purl.obolibrary.org/obo/CL_0002355	http://purl.obolibrary.org/obo/UPHENO_0084757
http://purl.obolibrary.org/obo/CL_0002354	http://purl.obolibrary.org/obo/UPHENO_0084757
http://purl.obolibrary.org/obo/CL_0000178	http://purl.obolibrary.org/obo/UPHENO_0084757
http://purl.obolibrary.org/obo/CL_0002357	http://purl.obolibrary.org/obo/UPHENO_0084757
http://purl.obolibrary.org/obo/CL_1001451	http://purl.obolibrary.org/obo/UPHENO_0084757
http://purl.obolibrary.org/obo/CL_0000059	http://purl.obolibrary.org/obo/UPHENO_0084757
http://purl.obolibrary.org/obo/CL_0000050	http://purl.obolibrary.org/obo/UPHENO_0084757
http://purl.obolibrary.org/obo/CL_0000171	http://purl.obolibrary.org/obo/UPHENO_0084757
http://purl.obolibrary.org/obo/CL_0000051	http://purl.obolibrary.org/obo/UPHENO_0084757
http://purl.obolibrary.org/obo/CL_0000173	http://purl.obolibrary.org/obo/UPHENO_0084757
http://purl.obolibrary.org/obo/GO_0005783	http://purl.obolibrary.org/obo/UPHENO_0084757
http://purl.obolibrary.org/obo/CL_0000141	http://purl.obolibrary.org/obo/UPHENO_0084757
http://purl.obolibrary.org/obo/CL_0000020	http://purl.obolibrary.org/obo/UPHENO_0084757
http://purl.obolibrary.org/obo/CL_0000021	http://purl.obolibrary.org/obo/UPHENO_0084757
http://purl.obolibrary.org/obo/CL_1000398	http://purl.obolibrary.org/obo/UPHENO_0084757
http://purl.obolibrary.org/obo/CL_0000023	http://purl.obolibrary.org/obo/UPHENO_0084757
http://purl.obolibrary.org/obo/CL_0000145	http://purl.obolibrary.org/obo/UPHENO_0084757
http://purl.obolibrary.org/obo/CL_0000388	http://purl.obolibrary.org/obo/UPHENO_0084757
http://purl.obolibrary.org/obo/CL_0002204	http://purl.obolibrary.org/obo/UPHENO_0084757
http://purl.obolibrary.org/obo/CL_0000148	http://purl.obolibrary.org/obo/UPHENO_0084757
http://purl.obolibrary.org/obo/UBERON_0000086	http://purl.obolibrary.org/obo/UPHENO_0084757
http://purl.obolibrary.org/obo/GO_0005759	http://purl.obolibrary.org/obo/UPHENO_0084757
http://purl.obolibrary.org/obo/GO_0005634	http://purl.obolibrary.org/obo/UPHENO_0084757
http://purl.obolibrary.org/obo/GO_0016529	http://purl.obolibrary.org/obo/UPHENO_0084757
http://purl.obolibrary.org/obo/CL_0000155	http://purl.obolibrary.org/obo/UPHENO_0084757
http://purl.obolibrary.org/obo/CL_0002453	http://purl.obolibrary.org/obo/UPHENO_0084757
http://purl.obolibrary.org/obo/GO_0036126	http://purl.obolibrary.org/obo/UPHENO_0084757
http://purl.obolibrary.org/obo/CL_1001474	http://purl.obolibrary.org/obo/UPHENO_0084757
http://purl.obolibrary.org/obo/CL_0000158	http://purl.obolibrary.org/obo/UPHENO_0084757
http://purl.obolibrary.org/obo/CL_0000037	http://purl.obolibrary.org/obo/UPHENO_0084757
http://purl.obolibrary.org/obo/CL_0000038	http://purl.obolibrary.org/obo/UPHENO_0084757
http://purl.obolibrary.org/obo/GO_0005886	http://purl.obolibrary.org/obo/UPHENO_0084757
http://purl.obolibrary.org/obo/GO_0005764	http://purl.obolibrary.org/obo/UPHENO_0084757
http://purl.obolibrary.org/obo/CL_0000081	http://purl.obolibrary.org/obo/UPHENO_0084757
http://purl.obolibrary.org/obo/CL_0002140	http://purl.obolibrary.org/obo/UPHENO_0084757
http://purl.obolibrary.org/obo/CL_0000084	http://purl.obolibrary.org/obo/UPHENO_0084757
http://purl.obolibrary.org/obo/GO_0031985	http://purl.obolibrary.org/obo/UPHENO_0084757
http://purl.obolibrary.org/obo/GO_0005694	http://purl.obolibrary.org/obo/UPHENO_0084757
http://purl.obolibrary.org/obo/CL_0000097	http://purl.obolibrary.org/obo/UPHENO_0084757
http://purl.obolibrary.org/obo/CL_0002038	http://purl.obolibrary.org/obo/UPHENO_0084757
http://purl.obolibrary.org/obo/CL_0000091	http://purl.obolibrary.org/obo/UPHENO_0084757
http://purl.obolibrary.org/obo/CL_0000092	http://purl.obolibrary.org/obo/UPHENO_0084757
http://purl.obolibrary.org/obo/CL_0000094	http://purl.obolibrary.org/obo/UPHENO_0084757
http://purl.obolibrary.org/obo/CL_0002153	http://purl.obolibrary.org/obo/UPHENO_0084757
http://purl.obolibrary.org/obo/CL_0001033	http://purl.obolibrary.org/obo/UPHENO_0084757
http://purl.obolibrary.org/obo/CL_0002485	http://purl.obolibrary.org/obo/UPHENO_0084757
http://purl.obolibrary.org/obo/CL_0002487	http://purl.obolibrary.org/obo/UPHENO_0084757
http://purl.obolibrary.org/obo/CL_0000187	http://purl.obolibrary.org/obo/UPHENO_0084757
http://purl.obolibrary.org/obo/CL_0000188	http://purl.obolibrary.org/obo/UPHENO_0084757
http://purl.obolibrary.org/obo/CL_0002486	http://purl.obolibrary.org/obo/UPHENO_0084757
http://purl.obolibrary.org/obo/CL_0002489	http://purl.obolibrary.org/obo/UPHENO_0084757
http://purl.obolibrary.org/obo/CL_0002488	http://purl.obolibrary.org/obo/UPHENO_0084757
http://purl.obolibrary.org/obo/CL_0002128	http://purl.obolibrary.org/obo/UPHENO_0084757
http://purl.obolibrary.org/obo/CL_1000191	http://purl.obolibrary.org/obo/UPHENO_0084757
http://purl.obolibrary.org/obo/CL_0000060	http://purl.obolibrary.org/obo/UPHENO_0084757
http://purl.obolibrary.org/obo/CL_0002481	http://purl.obolibrary.org/obo/UPHENO_0084757
http://purl.obolibrary.org/obo/CL_0000061	http://purl.obolibrary.org/obo/UPHENO_0084757
http://purl.obolibrary.org/obo/CL_0000182	http://purl.obolibrary.org/obo/UPHENO_0084757
http://purl.obolibrary.org/obo/CL_0002480	http://purl.obolibrary.org/obo/UPHENO_0084757
http://purl.obolibrary.org/obo/CL_0000062	http://purl.obolibrary.org/obo/UPHENO_0084757
http://purl.obolibrary.org/obo/CL_0002482	http://purl.obolibrary.org/obo/UPHENO_0084757
http://purl.obolibrary.org/obo/GO_0043195	http://purl.obolibrary.org/obo/UPHENO_0084757
http://purl.obolibrary.org/obo/GO_0043194	http://purl.obolibrary.org/obo/UPHENO_0084757
http://purl.obolibrary.org/obo/GO_0005794	http://purl.obolibrary.org/obo/UPHENO_0084757
http://purl.obolibrary.org/obo/GO_0005795	http://purl.obolibrary.org/obo/UPHENO_0084757
http://purl.obolibrary.org/obo/GO_0043197	http://purl.obolibrary.org/obo/UPHENO_0084757
http://purl.obolibrary.org/obo/CL_0002375	http://purl.obolibrary.org/obo/UPHENO_0084757
http://purl.obolibrary.org/obo/CL_0002496	http://purl.obolibrary.org/obo/UPHENO_0084757
http://purl.obolibrary.org/obo/CL_0002495	http://purl.obolibrary.org/obo/UPHENO_0084757
http://purl.obolibrary.org/obo/CL_0000198	http://purl.obolibrary.org/obo/UPHENO_0084757
http://purl.obolibrary.org/obo/CL_0002256	http://purl.obolibrary.org/obo/UPHENO_0084757
http://purl.obolibrary.org/obo/CL_0002499	http://purl.obolibrary.org/obo/UPHENO_0084757
http://purl.obolibrary.org/obo/CL_0002139	http://purl.obolibrary.org/obo/UPHENO_0084757
http://purl.obolibrary.org/obo/CL_0002490	http://purl.obolibrary.org/obo/UPHENO_0084757
http://purl.obolibrary.org/obo/CL_0002492	http://purl.obolibrary.org/obo/UPHENO_0084757
http://purl.obolibrary.org/obo/CL_0002370	http://purl.obolibrary.org/obo/UPHENO_0084757
http://purl.obolibrary.org/obo/CL_0002372	http://purl.obolibrary.org/obo/UPHENO_0084757
http://purl.obolibrary.org/obo/GO_0002177	http://purl.obolibrary.org/obo/UPHENO_0084757
http://purl.obolibrary.org/obo/CL_0002066	http://purl.obolibrary.org/obo/UPHENO_0084757
http://purl.obolibrary.org/obo/CL_0002182	http://purl.obolibrary.org/obo/UPHENO_0084757
http://purl.obolibrary.org/obo/CL_0002060	http://purl.obolibrary.org/obo/UPHENO_0084757
http://purl.obolibrary.org/obo/CL_0002184	http://purl.obolibrary.org/obo/UPHENO_0084757
http://purl.obolibrary.org/obo/CL_0002063	http://purl.obolibrary.org/obo/UPHENO_0084757
http://purl.obolibrary.org/obo/CL_0002062	http://purl.obolibrary.org/obo/UPHENO_0084757
http://purl.obolibrary.org/obo/CL_0002064	http://purl.obolibrary.org/obo/UPHENO_0084757
http://purl.obolibrary.org/obo/CL_1001509	http://purl.obolibrary.org/obo/UPHENO_0084757
http://purl.obolibrary.org/obo/GO_0044224	http://purl.obolibrary.org/obo/UPHENO_0084757
http://purl.obolibrary.org/obo/CL_1001505	http://purl.obolibrary.org/obo/UPHENO_0084757
http://purl.obolibrary.org/obo/CL_1001503	http://purl.obolibrary.org/obo/UPHENO_0084757
http://purl.obolibrary.org/obo/CL_1001502	http://purl.obolibrary.org/obo/UPHENO_0084757
http://purl.obolibrary.org/obo/CL_1001610	http://purl.obolibrary.org/obo/UPHENO_0084757
http://purl.obolibrary.org/obo/CL_0002196	http://purl.obolibrary.org/obo/UPHENO_0084757
http://purl.obolibrary.org/obo/GO_0045202	http://purl.obolibrary.org/obo/UPHENO_0084757
http://purl.obolibrary.org/obo/CL_0002045	http://purl.obolibrary.org/obo/UPHENO_0084757
http://purl.obolibrary.org/obo/GO_0014069	http://purl.obolibrary.org/obo/UPHENO_0084757
http://purl.obolibrary.org/obo/CL_0002046	http://purl.obolibrary.org/obo/UPHENO_0084757
http://purl.obolibrary.org/obo/GO_0030673	http://purl.obolibrary.org/obo/UPHENO_0084757
http://purl.obolibrary.org/obo/GO_0061827	http://purl.obolibrary.org/obo/UPHENO_0084757
http://purl.obolibrary.org/obo/CL_0001070	http://purl.obolibrary.org/obo/UPHENO_0084757
http://purl.obolibrary.org/obo/GO_0015030	http://purl.obolibrary.org/obo/UPHENO_0084757
http://purl.obolibrary.org/obo/UBERON_0004715	http://purl.obolibrary.org/obo/UPHENO_0084757
http://purl.obolibrary.org/obo/CL_1000317	http://purl.obolibrary.org/obo/UPHENO_0084757
http://purl.obolibrary.org/obo/CL_0002171	http://purl.obolibrary.org/obo/UPHENO_0084757
http://purl.obolibrary.org/obo/CL_0002292	http://purl.obolibrary.org/obo/UPHENO_0084757
http://purl.obolibrary.org/obo/CL_0002173	http://purl.obolibrary.org/obo/UPHENO_0084757
http://purl.obolibrary.org/obo/CL_0002172	http://purl.obolibrary.org/obo/UPHENO_0084757
http://purl.obolibrary.org/obo/GO_0030424	http://purl.obolibrary.org/obo/UPHENO_0084757
http://purl.obolibrary.org/obo/GO_0030425	http://purl.obolibrary.org/obo/UPHENO_0084757
http://purl.obolibrary.org/obo/GO_0031514	http://purl.obolibrary.org/obo/UPHENO_0084757
http://purl.obolibrary.org/obo/CL_1000428	http://purl.obolibrary.org/obo/UPHENO_0084757
http://purl.obolibrary.org/obo/CL_1001517	http://purl.obolibrary.org/obo/UPHENO_0084757
http://purl.obolibrary.org/obo/CL_1001516	http://purl.obolibrary.org/obo/UPHENO_0084757
http://purl.obolibrary.org/obo/CL_2000084	http://purl.obolibrary.org/obo/UPHENO_0084757
http://purl.obolibrary.org/obo/CL_0005019	http://purl.obolibrary.org/obo/UPHENO_0084757
http://purl.obolibrary.org/obo/CL_0000809	http://purl.obolibrary.org/obo/UPHENO_0084757
http://purl.obolibrary.org/obo/GO_0030017	http://purl.obolibrary.org/obo/UPHENO_0084757
http://purl.obolibrary.org/obo/GO_0030018	http://purl.obolibrary.org/obo/UPHENO_0084757
http://purl.obolibrary.org/obo/GO_0032437	http://purl.obolibrary.org/obo/UPHENO_0084757
http://purl.obolibrary.org/obo/CL_0000800	http://purl.obolibrary.org/obo/UPHENO_0084757
http://purl.obolibrary.org/obo/CL_0000801	http://purl.obolibrary.org/obo/UPHENO_0084757
http://purl.obolibrary.org/obo/CL_0000802	http://purl.obolibrary.org/obo/UPHENO_0084757
http://purl.obolibrary.org/obo/CL_0000803	http://purl.obolibrary.org/obo/UPHENO_0084757
http://purl.obolibrary.org/obo/CL_0005026	http://purl.obolibrary.org/obo/UPHENO_0084757
http://purl.obolibrary.org/obo/CL_1000320	http://purl.obolibrary.org/obo/UPHENO_0084757
http://purl.obolibrary.org/obo/GO_0043229	http://purl.obolibrary.org/obo/UPHENO_0084757
http://purl.obolibrary.org/obo/CL_0000818	http://purl.obolibrary.org/obo/UPHENO_0084757
http://purl.obolibrary.org/obo/CL_0000819	http://purl.obolibrary.org/obo/UPHENO_0084757
http://purl.obolibrary.org/obo/CL_0000813	http://purl.obolibrary.org/obo/UPHENO_0084757
http://purl.obolibrary.org/obo/CL_0000814	http://purl.obolibrary.org/obo/UPHENO_0084757
http://purl.obolibrary.org/obo/CL_1000326	http://purl.obolibrary.org/obo/UPHENO_0084757
http://purl.obolibrary.org/obo/CL_1000325	http://purl.obolibrary.org/obo/UPHENO_0084757
http://purl.obolibrary.org/obo/CL_0000815	http://purl.obolibrary.org/obo/UPHENO_0084757
http://purl.obolibrary.org/obo/CL_1000324	http://purl.obolibrary.org/obo/UPHENO_0084757
http://purl.obolibrary.org/obo/CL_0000816	http://purl.obolibrary.org/obo/UPHENO_0084757
http://purl.obolibrary.org/obo/CL_0002088	http://purl.obolibrary.org/obo/UPHENO_0084757
http://purl.obolibrary.org/obo/CL_1001561	http://purl.obolibrary.org/obo/UPHENO_0084757
http://purl.obolibrary.org/obo/CL_0002080	http://purl.obolibrary.org/obo/UPHENO_0084757
http://purl.obolibrary.org/obo/CL_0002083	http://purl.obolibrary.org/obo/UPHENO_0084757
http://purl.obolibrary.org/obo/CL_0002082	http://purl.obolibrary.org/obo/UPHENO_0084757
http://purl.obolibrary.org/obo/CL_0002084	http://purl.obolibrary.org/obo/UPHENO_0084757
http://purl.obolibrary.org/obo/CL_0000905	http://purl.obolibrary.org/obo/UPHENO_0084757
http://purl.obolibrary.org/obo/CL_0000907	http://purl.obolibrary.org/obo/UPHENO_0084757
http://purl.obolibrary.org/obo/CL_0000909	http://purl.obolibrary.org/obo/UPHENO_0084757
http://purl.obolibrary.org/obo/CL_0002090	http://purl.obolibrary.org/obo/UPHENO_0084757
http://purl.obolibrary.org/obo/GO_0042383	http://purl.obolibrary.org/obo/UPHENO_0084757
http://purl.obolibrary.org/obo/CL_0000904	http://purl.obolibrary.org/obo/UPHENO_0084757
http://purl.obolibrary.org/obo/CL_1001432	http://purl.obolibrary.org/obo/UPHENO_0084757
http://purl.obolibrary.org/obo/CL_1001431	http://purl.obolibrary.org/obo/UPHENO_0084757
http://purl.obolibrary.org/obo/GO_0031674	http://purl.obolibrary.org/obo/UPHENO_0084757
http://purl.obolibrary.org/obo/CL_0002091	http://purl.obolibrary.org/obo/UPHENO_0084757
http://purl.obolibrary.org/obo/GO_0031672	http://purl.obolibrary.org/obo/UPHENO_0084757
http://purl.obolibrary.org/obo/GO_0031430	http://purl.obolibrary.org/obo/UPHENO_0084757
http://purl.obolibrary.org/obo/GO_0031673	http://purl.obolibrary.org/obo/UPHENO_0084757
http://purl.obolibrary.org/obo/CL_0002093	http://purl.obolibrary.org/obo/UPHENO_0084757
http://purl.obolibrary.org/obo/CL_0002097	http://purl.obolibrary.org/obo/UPHENO_0084757
http://purl.obolibrary.org/obo/CL_0000916	http://purl.obolibrary.org/obo/UPHENO_0084757
http://purl.obolibrary.org/obo/GO_0043005	http://purl.obolibrary.org/obo/UPHENO_0084757
http://purl.obolibrary.org/obo/CL_0000911	http://purl.obolibrary.org/obo/UPHENO_0084757
http://purl.obolibrary.org/obo/CL_0000912	http://purl.obolibrary.org/obo/UPHENO_0084757
http://purl.obolibrary.org/obo/CL_0000913	http://purl.obolibrary.org/obo/UPHENO_0084757
http://purl.obolibrary.org/obo/CL_1001437	http://purl.obolibrary.org/obo/UPHENO_0084757
http://purl.obolibrary.org/obo/CL_1001436	http://purl.obolibrary.org/obo/UPHENO_0084757
http://purl.obolibrary.org/obo/CL_1001435	http://purl.obolibrary.org/obo/UPHENO_0084757
http://purl.obolibrary.org/obo/CL_0000960	http://purl.obolibrary.org/obo/UPHENO_0084757
http://purl.obolibrary.org/obo/CL_0000609	http://purl.obolibrary.org/obo/UPHENO_0084757
http://purl.obolibrary.org/obo/CL_0000842	http://purl.obolibrary.org/obo/UPHENO_0084757
http://purl.obolibrary.org/obo/CL_0000601	http://purl.obolibrary.org/obo/UPHENO_0084757
http://purl.obolibrary.org/obo/CL_0000843	http://purl.obolibrary.org/obo/UPHENO_0084757
http://purl.obolibrary.org/obo/CL_0000844	http://purl.obolibrary.org/obo/UPHENO_0084757
http://purl.obolibrary.org/obo/CL_0000845	http://purl.obolibrary.org/obo/UPHENO_0084757
http://purl.obolibrary.org/obo/CL_0000604	http://purl.obolibrary.org/obo/UPHENO_0084757
http://purl.obolibrary.org/obo/CL_0000846	http://purl.obolibrary.org/obo/UPHENO_0084757
http://purl.obolibrary.org/obo/CL_0000850	http://purl.obolibrary.org/obo/UPHENO_0084757
http://purl.obolibrary.org/obo/GO_0031012	http://purl.obolibrary.org/obo/UPHENO_0084757
http://purl.obolibrary.org/obo/CL_0000974	http://purl.obolibrary.org/obo/UPHENO_0084757
http://purl.obolibrary.org/obo/CL_0000975	http://purl.obolibrary.org/obo/UPHENO_0084757
http://purl.obolibrary.org/obo/CL_0000855	http://purl.obolibrary.org/obo/UPHENO_0084757
http://purl.obolibrary.org/obo/CL_0000617	http://purl.obolibrary.org/obo/UPHENO_0084757
http://purl.obolibrary.org/obo/CL_0000738	http://purl.obolibrary.org/obo/UPHENO_0084757
http://purl.obolibrary.org/obo/CL_0000820	http://purl.obolibrary.org/obo/UPHENO_0084757
http://purl.obolibrary.org/obo/CL_0000821	http://purl.obolibrary.org/obo/UPHENO_0084757
http://purl.obolibrary.org/obo/CL_0000700	http://purl.obolibrary.org/obo/UPHENO_0084757
http://purl.obolibrary.org/obo/CL_0000822	http://purl.obolibrary.org/obo/UPHENO_0084757
http://purl.obolibrary.org/obo/CL_0000823	http://purl.obolibrary.org/obo/UPHENO_0084757
http://purl.obolibrary.org/obo/CL_0000824	http://purl.obolibrary.org/obo/UPHENO_0084757
http://purl.obolibrary.org/obo/CL_0000826	http://purl.obolibrary.org/obo/UPHENO_0084757
http://purl.obolibrary.org/obo/GO_0043209	http://purl.obolibrary.org/obo/UPHENO_0084757
http://purl.obolibrary.org/obo/GO_0031594	http://purl.obolibrary.org/obo/UPHENO_0084757
http://purl.obolibrary.org/obo/GO_0097381	http://purl.obolibrary.org/obo/UPHENO_0084757
http://purl.obolibrary.org/obo/GO_0042470	http://purl.obolibrary.org/obo/UPHENO_0084757
http://purl.obolibrary.org/obo/CL_0000958	http://purl.obolibrary.org/obo/UPHENO_0084757
http://purl.obolibrary.org/obo/CL_0000959	http://purl.obolibrary.org/obo/UPHENO_0084757
http://purl.obolibrary.org/obo/GO_0032391	http://purl.obolibrary.org/obo/UPHENO_0084757
http://purl.obolibrary.org/obo/CL_0000881	http://purl.obolibrary.org/obo/UPHENO_0084757
http://purl.obolibrary.org/obo/CL_0000642	http://purl.obolibrary.org/obo/UPHENO_0084757
http://purl.obolibrary.org/obo/CL_0000763	http://purl.obolibrary.org/obo/UPHENO_0084757
http://purl.obolibrary.org/obo/CL_0000764	http://purl.obolibrary.org/obo/UPHENO_0084757
http://purl.obolibrary.org/obo/GO_0032279	http://purl.obolibrary.org/obo/UPHENO_0084757
http://purl.obolibrary.org/obo/CL_0008001	http://purl.obolibrary.org/obo/UPHENO_0084757
http://purl.obolibrary.org/obo/GO_0001533	http://purl.obolibrary.org/obo/UPHENO_0084757
http://purl.obolibrary.org/obo/GO_0097470	http://purl.obolibrary.org/obo/UPHENO_0084757
http://purl.obolibrary.org/obo/CL_0000644	http://purl.obolibrary.org/obo/UPHENO_0084757
http://purl.obolibrary.org/obo/CL_0000765	http://purl.obolibrary.org/obo/UPHENO_0084757
http://purl.obolibrary.org/obo/CL_0000766	http://purl.obolibrary.org/obo/UPHENO_0084757
http://purl.obolibrary.org/obo/CL_0000645	http://purl.obolibrary.org/obo/UPHENO_0084757
http://purl.obolibrary.org/obo/CL_0000767	http://purl.obolibrary.org/obo/UPHENO_0084757
http://purl.obolibrary.org/obo/CL_0000525	http://purl.obolibrary.org/obo/UPHENO_0084757
http://purl.obolibrary.org/obo/CL_0000648	http://purl.obolibrary.org/obo/UPHENO_0084757
http://purl.obolibrary.org/obo/GO_0060076	http://purl.obolibrary.org/obo/UPHENO_0084757
http://purl.obolibrary.org/obo/GO_0060077	http://purl.obolibrary.org/obo/UPHENO_0084757
http://purl.obolibrary.org/obo/CL_0000891	http://purl.obolibrary.org/obo/UPHENO_0084757
http://purl.obolibrary.org/obo/CL_0000771	http://purl.obolibrary.org/obo/UPHENO_0084757
http://purl.obolibrary.org/obo/CL_0000651	http://purl.obolibrary.org/obo/UPHENO_0084757
http://purl.obolibrary.org/obo/CL_0000652	http://purl.obolibrary.org/obo/UPHENO_0084757
http://purl.obolibrary.org/obo/CL_0000775	http://purl.obolibrary.org/obo/UPHENO_0084757
http://purl.obolibrary.org/obo/GO_0001669	http://purl.obolibrary.org/obo/UPHENO_0084757
http://purl.obolibrary.org/obo/CL_0000897	http://purl.obolibrary.org/obo/UPHENO_0084757
http://purl.obolibrary.org/obo/CL_0000899	http://purl.obolibrary.org/obo/UPHENO_0084757
http://purl.obolibrary.org/obo/CL_0000980	http://purl.obolibrary.org/obo/UPHENO_0084757
http://purl.obolibrary.org/obo/CL_0000740	http://purl.obolibrary.org/obo/UPHENO_0084757
http://purl.obolibrary.org/obo/GO_0000781	http://purl.obolibrary.org/obo/UPHENO_0084757
http://purl.obolibrary.org/obo/GO_0001750	http://purl.obolibrary.org/obo/UPHENO_0084757
http://purl.obolibrary.org/obo/GO_0060091	http://purl.obolibrary.org/obo/UPHENO_0084757
http://purl.obolibrary.org/obo/CL_0000501	http://purl.obolibrary.org/obo/UPHENO_0084757
http://purl.obolibrary.org/obo/CL_0000623	http://purl.obolibrary.org/obo/UPHENO_0084757
http://purl.obolibrary.org/obo/CL_0000624	http://purl.obolibrary.org/obo/UPHENO_0084757
http://purl.obolibrary.org/obo/GO_0014704	http://purl.obolibrary.org/obo/UPHENO_0084757
http://purl.obolibrary.org/obo/CL_0000745	http://purl.obolibrary.org/obo/UPHENO_0084757
http://purl.obolibrary.org/obo/CL_0000625	http://purl.obolibrary.org/obo/UPHENO_0084757
http://purl.obolibrary.org/obo/CL_0000988	http://purl.obolibrary.org/obo/UPHENO_0084757
http://purl.obolibrary.org/obo/CL_0000746	http://purl.obolibrary.org/obo/UPHENO_0084757
http://purl.obolibrary.org/obo/CL_0000748	http://purl.obolibrary.org/obo/UPHENO_0084757
http://purl.obolibrary.org/obo/GO_0008021	http://purl.obolibrary.org/obo/UPHENO_0084757
http://purl.obolibrary.org/obo/GO_0030061	http://purl.obolibrary.org/obo/UPHENO_0084757
http://purl.obolibrary.org/obo/CL_0000751	http://purl.obolibrary.org/obo/UPHENO_0084757
http://purl.obolibrary.org/obo/CL_0000510	http://purl.obolibrary.org/obo/UPHENO_0084757
http://purl.obolibrary.org/obo/CL_0000752	http://purl.obolibrary.org/obo/UPHENO_0084757
http://purl.obolibrary.org/obo/CL_0000632	http://purl.obolibrary.org/obo/UPHENO_0084757
http://purl.obolibrary.org/obo/GO_0097229	http://purl.obolibrary.org/obo/UPHENO_0084757
http://purl.obolibrary.org/obo/GO_0097226	http://purl.obolibrary.org/obo/UPHENO_0084757
http://purl.obolibrary.org/obo/GO_0097225	http://purl.obolibrary.org/obo/UPHENO_0084757
http://purl.obolibrary.org/obo/GO_0097228	http://purl.obolibrary.org/obo/UPHENO_0084757
http://purl.obolibrary.org/obo/GO_0097227	http://purl.obolibrary.org/obo/UPHENO_0084757
http://purl.obolibrary.org/obo/GO_0001520	http://purl.obolibrary.org/obo/UPHENO_0084757
http://purl.obolibrary.org/obo/CL_0000633	http://purl.obolibrary.org/obo/UPHENO_0084757
http://purl.obolibrary.org/obo/CL_0000634	http://purl.obolibrary.org/obo/UPHENO_0084757
http://purl.obolibrary.org/obo/CL_0000635	http://purl.obolibrary.org/obo/UPHENO_0084757
http://purl.obolibrary.org/obo/CL_0000636	http://purl.obolibrary.org/obo/UPHENO_0084757
http://purl.obolibrary.org/obo/CL_0000517	http://purl.obolibrary.org/obo/UPHENO_0084757
